{"cameraMode":{"drawMode":0,"name":"Shaded","section":"Shading Mode"},"sceneLighting":false,"audioPlay":false,"sceneViewState":{"showFog":true,"showMaterialUpdate":false,"showSkybox":true,"showFlares":true,"showImageEffects":true,"showParticleSystems":true},"in2DMode":false,"pivot":{"x":-0.23105746507644654,"y":0.7356723546981812,"z":-0.21618399024009705},"rotation":{"x":0.26486656069755556,"y":0.6458838582038879,"z":-0.25580883026123049,"w":0.6687612533569336},"size":1.2537386417388917,"orthographic":true}