{"cameraMode":{"drawMode":0,"name":"Shaded","section":"Shading Mode"},"sceneLighting":false,"audioPlay":false,"sceneViewState":{"showFog":true,"showMaterialUpdate":false,"showSkybox":true,"showFlares":true,"showImageEffects":true,"showParticleSystems":true},"in2DMode":false,"pivot":{"x":0.2306089997291565,"y":0.996418297290802,"z":0.236700639128685},"rotation":{"x":0.10951590538024903,"y":-0.7905163764953613,"z":0.1482803076505661,"w":0.5840404033660889},"size":33.8914680480957,"orthographic":true}